﻿Designator,Footprint,Quantity,Value,LCSC Part #
"C1, C2, C4",0402,3,10u,C15525
"C3, C5, C6, C7, C8, C9",0402,6,100n,C1525
D1,0603,1,Debug LED 1 RED,C2286
"J10, J9",PinHeader_1x04_P2.00mm_Vertical,2,Conn_01x04_Socket,
"J2, J3, J4, J5",TestPoint_Pad_D1.0mm,4,Conn_01x01,
"J6, J7",PinHeader_1x02_P2.00mm_Vertical,2,Conn_01x02_Socket,
J8,SolderJumper-2_P1.3mm_Open_Pad1.0x1.5mm,1,CAN Term,C492401
"R1, R2, R3, R6, R7, R8, R9",0402,7,10k,C25744
R4,0402,1,1k,C11702
R5,0402,1,120,C25079
U1,SOT-23-5,1,SPX3819M5-L-3-3,
U2,SOIC-8_3.9x4.9mm_P1.27mm,1,MCP2551-I-SN,C49558
U3,LQFP-48_7x7mm_P0.5mm,1,STM32F103C8Tx,C8734
